Mouvement,Vacc,Vacc,Vacc,Vacc,Vacc,Vacc,Vacc,Vacc,Vacc,Vacc,Vacc,Vacc,Vacc,Vacc,Vacc,Vacc,Vacc,Vacc,Vacc,Vacc,Vacc,Vacc,Vacc,Vacc,Vacc,Vacc,Vacc,Vacc,Vacc,Vacc,Vacc,Vacc,Vacc,Vacc,Vacc,Vacc,Vacc,Vacc,Vacc,Vacc,Vacc,Vacc,Vacc,Vacc,Vacc,Vacc,Vacc,Vacc,Vacc,Vacc,Vacc,Vacc,Vacc,Vacc,Vacc,Vacc,Vacc,Vacc,Vacc,Vacc,Vacc,Vacc,Vacc,Vacc,Vacc,Vacc,Vacc,Vacc,Vacc,Vacc,Vacc,Vacc,Vacc,Vacc,Vacc,Vacc,Vacc,Vacc,Vacc,Vacc,Vacc,Vacc,Vacc,Vacc,Vacc,Vacc,Vacc,Vacc,Vacc,Vacc,Vacc,Vacc,Vacc,Vacc,Vacc,Vacc,Vacc,Vacc,Vacc,Vacc,Vacc,Vacc,Vacc,Vacc,Vacc,Vacc,Vacc,Vacc,Vacc,Vacc,Vacc,Vacc,Vacc,Vacc,Vacc,Vacc,Vacc,Vacc,Vacc,Vacc,Vacc,Vacc,Vacc,Vacc,Vacc,Vacc,Vacc,Vacc,Vacc,Vacc,Vacc,Vacc,Vacc,Vacc,Vacc,Vacc,Vacc,Vacc,Vacc,Vacc,Vacc,Vacc,Vacc,Vacc,Vacc,Vacc,Vacc,Vacc,Vacc,Vacc,Vacc,Vacc,Vacc,Vacc,Vacc,Vacc,Vacc,Vacc,Vacc,Vacc,Vacc,Vacc,Vacc,Vacc,Vacc,Vacc,Vacc,Vacc,Vacc,Vacc,Vacc,Vacc,Vacc,Vacc,Vacc,Vacc,Vacc,Vacc,Vacc,Vacc,Vacc,Vacc,Vacc,Vacc,Vacc,Vacc,Vacc,Vacc,Vacc,Vacc,Vacc,Vacc,Vacc,Vacc,Vacc,Vacc,Vacc,Vacc,Vacc,Vacc,Vacc,Vacc,Vacc,Vacc,Vacc,Vacc,Vacc,Vacc,Vacc,Vacc,Vacc,Vacc,Vacc,Vacc,Vacc,Vacc,Vacc,Vacc,Vacc,Vacc,Vacc,Vacc,Vacc,Vacc,Vacc,Vacc,Vacc,Vacc,Vacc,Vacc,Vacc,Vacc,Vacc,Vacc,Vacc,Vacc,Vacc,Vacc,Vacc,Vacc,Vacc,Vacc,Vacc,Vacc,Vacc,Vacc,Vacc,Vacc,Vacc,Vacc,Vacc,Vacc,Vacc,Vacc,Vacc,Vacc,Vacc,Vacc,Vacc,Vacc,Vacc,Vacc,Vacc,Vacc,Vacc,Vacc,Vacc,Vacc,Vacc,Vacc,Vacc,Vacc,Vacc,Vacc,Vacc,Vacc,Vacc,Vacc,Vacc,Vacc,Vacc,Vacc,Vacc,Vacc,Vacc,Vacc,Vacc,Vacc,Vacc,Vacc,Vacc,Vacc,Vacc,Vacc,Vacc,Vacc,Vacc,Vacc,Vacc,Vacc,Vacc,Vacc,Vacc,Vacc,Vacc,Vacc,Vacc,Vacc,Vacc,Vacc,Vacc,Vacc,Vacc,Vacc,Vacc,Vacc,Vacc,Vacc,Vacc,Vacc,Vacc,Vacc,Vacc,Vacc,Vacc,Vacc,Vacc,Vacc,Vacc,Vacc,Vacc,Vacc,Vacc,Vacc,Vacc,Vacc,Vacc,Vacc,Vacc,Vacc,Vacc,Vacc,Vacc,Vacc,Vacc,Vacc,Vacc,Vacc,Vacc,Vacc,Vacc,Vacc,Vacc,Vacc,Vacc,Vacc,Vacc,Vacc,Vacc,Vacc,Vacc,Vacc,Vacc,Vacc,Vacc,Vacc,Vacc,Vacc,Vacc,Vacc,Vacc,Vacc,Vacc,Vacc,Vacc,Vacc,Vacc,Vacc,Vacc,Vacc,Vacc,Vacc,Vacc,Vacc,Vacc,Vacc,Vacc,Vacc,Vacc,Vacc,Vacc,Vacc,Vacc,Vacc,Vacc,Vacc,Vacc,Vacc,Vacc,Vacc,Vacc,Vacc,Vacc,Vacc,Vacc,Vacc,Vacc,Vacc,Vacc,Vacc,Vacc,Vacc,Vacc,Vacc,Vacc,Vacc,Vacc,Vacc,Vacc,Vacc,Vacc,Vacc,Vacc,Vacc,Vacc,Vacc,Vacc,Vacc,Vacc,Vacc,Vacc,Vacc,Vacc,Vacc,Vacc,Vacc,Vacc,Vacc,Vacc,Vacc,Vacc,Vacc,Vacc,Vacc,Vacc,Vacc,Vacc,Vacc,Vacc,Vacc,Vacc,Vacc,Vacc,Vacc,Vacc,Vacc,Vacc,Vacc,Vacc,Vacc,Vacc,Vacc,Vacc,Vacc,Vacc,Vacc,Vacc,Vacc,Vacc,Vacc,Vacc,Vacc,Vacc,Vacc,Vacc,Vacc,Vacc,Vacc,Vacc,Vacc,Vacc,Vacc,Vacc,Vacc,Vacc,Vacc,Vacc,Vacc,Vacc,Vacc,Vacc,Vacc,Vacc,Vacc,Vacc,Vacc,Vacc,Vacc,Vacc,Vacc,Vacc,Vacc,Vacc,Vacc,Vacc,Vacc,Vacc,Vacc,Vacc,Vacc,Vacc,Vacc,Vacc,Vacc,Vacc,Vacc,Vacc,Vacc,Vacc,Vacc,Vacc,Vacc,Vacc,Vacc,Vacc,Vacc,Vacc,Vacc,Vacc,Vacc,Vacc,Vacc,Vacc,Vacc,Vacc,Vacc,Vacc,Vacc,Vacc,Vacc,Vacc,Vacc,Vacc,Vacc,Vacc,Vacc,Vacc,Vacc,Vacc,Vacc,Vacc,Vacc,Vacc,Vacc,Vacc,Vacc,Vacc,Vacc,Vacc,Vacc,Vacc,Vacc,Vacc,Vacc,Vacc,Vacc,Vacc,Vacc,Vacc,Vacc,Vacc,Vacc,Vacc,Vacc,Vacc,Vacc,Vacc,Vacc,Vacc,Vacc,Vacc,Vacc,Vacc,Vacc,Vacc,Vacc,Vacc,Vacc,Vacc,Vacc,Vacc,Vacc,Vacc,Vacc,Vacc,Vacc,Vacc,Vacc,Vacc,Vacc
1,0.579767,0.646595,0.578472,0.623897,0.621674,0.561646,0.587773,0.524938,0.563018,0.562176,0.554194,0.629136,0.629266,0.611685,0.617978,0.720592,0.646522,0.617031,0.612941,0.709235,0.629956,0.589039,0.569352,0.544586,0.581995,0.554663,0.513032,0.526136,0.589835,0.596490,0.581042,0.646771,0.646791,0.592874,0.577785,0.548162,0.612217,0.623018,0.592702,0.554655,0.598433,0.570749,0.549797,0.570376,0.525868,0.533800,0.534306,0.600133,0.617525,0.538267,0.603367,0.591720,0.612338,0.548531,0.552871,0.570440,0.662495,0.659210,0.577390,0.658863,0.630270,0.652624,0.652903,0.635312,0.657010,0.569360,0.545100,0.509422,0.525794,0.577567,0.581575,0.537519,0.538024,0.564640,0.615119,0.581454,0.622669,0.713672,0.708795,0.614199,0.641000,0.705124,0.667326,0.576043,0.620082,0.592616,0.615012,0.590509,0.600747,0.644576,0.633431,0.623341,0.577046,0.580334,0.574903,0.611026,0.624945,0.550516,0.541860,0.580364,0.552849,0.595527,0.645026,0.562019,0.609265,0.618402,0.631774,0.657886,0.739845,0.666600,0.701623,0.674755,0.665521,0.603349,0.611942,0.601652,0.626330,0.663172,0.501787,0.555521,0.606046,0.569273,0.537593,0.552643,0.567259,0.609368,0.639435,0.606628,0.571807,0.543018,0.585428,0.604605,0.522261,0.590357,0.587443,0.531577,0.602334,0.683172,0.603528,0.614010,0.610183,0.622343,0.526389,0.478487,0.551246,0.576117,0.598641,0.587928,0.601422,0.542517,0.600996,0.677028,0.612295,0.595377,0.544159,0.641166,0.666664,0.558312,0.544377,0.687390,0.668785,0.631090,0.681442,0.701624,0.614189,0.623999,0.693609,0.599996,0.613070,0.607760,0.623727,0.590711,0.540747,0.619373,0.701717,0.672749,0.671273,0.631366,0.597787,0.656955,0.621720,0.572890,0.564555,0.616341,0.528730,0.581532,0.590183,0.641733,0.627900,0.622838,0.667432,0.703045,0.651065,0.618731,0.589804,0.580594,0.562741,0.544183,0.646238,0.677256,0.628052,0.561487,0.579436,0.571393,0.568074,0.678047,0.581132,0.546803,0.614978,0.503125,0.516163,0.615112,0.623254,0.649914,0.696846,0.792381,0.675262,0.761315,0.660855,0.633157,0.560291,0.613580,0.640134,0.655110,0.633196,0.627423,0.555022,0.558554,0.593315,0.602395,0.684493,0.611039,0.623826,0.633761,0.636437,0.638125,0.602530,0.543600,0.591586,0.566759,0.557355,0.577538,0.621515,0.690877,0.634108,0.565334,0.591381,0.744981,0.719822,0.643342,0.743184,0.732993,0.566726,0.652351,0.543850,0.636243,0.598487,0.588581,0.570966,0.604267,0.543569,0.563113,0.573167,0.614749,0.601699,0.600942,0.618793,0.642180,0.632276,0.663955,0.583242,0.606479,0.640532,0.603042,0.558219,0.593865,0.674158,0.615410,0.585274,0.616740,0.705758,0.580240,0.579772,0.588556,0.558159,0.559019,0.564575,0.612067,0.557011,0.603782,0.666154,0.595514,0.577554,0.662367,0.676438,0.592178,0.510236,0.554096,0.619524,0.585083,0.575323,0.565118,0.551981,0.570691,0.597215,0.600257,0.631341,0.704690,0.648778,0.692691,0.660161,0.619631,0.575235,0.619280,0.547723,0.612368,0.645627,0.605937,0.577955,0.562137,0.615623,0.598832,0.720361,0.646769,0.595452,0.624452,0.574834,0.569563,0.672144,0.628613,0.647027,0.687721,0.636978,0.623236,0.602206,0.671802,0.715127,0.692632,0.611832,0.583902,0.614410,0.568097,0.545892,0.572506,0.594945,0.543390,0.566653,0.575997,0.509795,0.698696,0.692405,0.607250,0.606330,0.657330,0.756853,0.776554,0.673764,0.660972,0.606229,0.626386,0.714898,0.652466,0.633861,0.624261,0.685914,0.646274,0.654701,0.592741,0.546503,0.524813,0.607996,0.614405,0.614802,0.591153,0.659150,0.612166,0.579372,0.646112,0.629996,0.718003,0.709540,0.742328,0.704842,0.724973,0.628352,0.632746,0.689359,0.568352,0.627896,0.644465,0.547971,0.553233,0.585922,0.581318,0.639655,0.550580,0.527645,0.614602,0.672999,0.697601,0.645124,0.726730,0.649952,0.667501,0.679294,0.662190,0.766258,0.659708,0.675467,0.583203,0.597040,0.575081,0.575916,0.704624,0.681521,0.619973,0.598125,0.601948,0.635743,0.648496,0.610411,0.604028,0.634133,0.676086,0.706627,0.673161,0.633642,0.662284,0.652649,0.592003,0.629675,0.618785,0.550303,0.556927,0.580672,0.609131,0.701620,0.683466,0.667723,0.588645,0.642662,0.565495,0.632612,0.617977,0.656881,0.616573,0.620152,0.585390,0.603588,0.644524,0.621014,0.651249,0.593275,0.603407,0.588883,0.579411,0.584541,0.576479,0.674093,0.601845,0.510673,0.516351,0.519181,0.548599,0.561317,0.561510,0.612464,0.590740,0.569179,0.515765,0.584114,0.601246,0.594529,0.590677,0.576907,0.567606,0.579948,0.648056,0.545304,0.528928,0.541618,0.599938,0.611832,0.564625,0.530530,0.537561,0.541843,0.544551,0.538923,0.584348,0.653153,0.596909,0.598952,0.636743,0.575494,0.633582,0.607592,0.679688,0.613371,0.571380,0.551918,0.522467,0.503886,0.527351,0.627302,0.562881,0.596485,0.579778,0.624672,0.636993,0.621713,0.586587,0.582436,0.582262,0.527061,0.488722,0.551939,0.584897,0.570645,0.533612,0.501697,0.581414,0.592794,0.633171,0.538766,0.549812,0.577397,0.620203,0.555618,0.541265,0.515493,0.512260,0.533997,0.556995,0.560836,0.601578,0.572860,0.616197,0.675040,0.634882,0.582998,0.574144,0.557828,0.596429,0.582697,0.486227,0.555727,0.640643,0.565890,0.549099,0.599545,0.604137,0.609645,0.652725,0.650614,0.648685,0.593759,0.580098,0.618087,0.645622,0.561439,0.497663,0.509721,0.580102,0.581192,0.561355,0.561799,0.570040,0.542012,0.516096,0.514718,0.582616,0.555814,0.508870,0.544398,0.576597,0.518442,0.550995,0.569981,0.549554,0.567082,0.558047,0.631461,0.563418,0.538366,0.580206,0.547965,0.575054,0.528444,0.560643,0.626502,0.631150,0.652350,0.562936,0.555271,0.517599,0.525661,0.549847,0.525744,0.512991
1,0.814018,0.407106,0.353461,0.480860,0.438262,0.406943,0.388279,0.343070,0.421638,0.320919,0.394726,0.530632,0.624076,0.445102,0.339407,0.603390,0.446576,0.394608,0.386472,0.743502,0.628505,0.446162,0.320049,0.330001,0.429650,0.446693,0.395233,0.376514,0.421902,0.447563,0.387704,0.510417,0.529664,0.403328,0.492812,0.476448,0.586295,0.672750,0.501853,0.407961,0.408952,0.477216,0.405791,0.414194,0.330870,0.339396,0.354783,0.491955,0.522601,0.318843,0.398354,0.446145,0.504692,0.316390,0.268607,0.333917,0.555403,0.492188,0.302387,0.417196,0.522006,0.618197,0.575024,0.567504,0.679210,0.396484,0.344420,0.315421,0.332562,0.373648,0.426443,0.333646,0.326291,0.303312,0.342685,0.292732,0.403032,0.706685,0.512706,0.409470,0.548092,0.707085,0.546105,0.409876,0.526338,0.397546,0.429076,0.430943,0.507735,0.458888,0.392301,0.458356,0.411781,0.437908,0.335190,0.408799,0.474990,0.295451,0.316829,0.369018,0.357035,0.543981,0.564225,0.356331,0.473652,0.396600,0.394962,0.467838,0.792434,0.578298,0.589758,0.537718,0.527880,0.416261,0.379882,0.388601,0.453473,0.608653,0.434712,0.442649,0.498095,0.420844,0.331360,0.352667,0.329773,0.440205,0.492076,0.380661,0.386907,0.365621,0.409916,0.488738,0.390971,0.338895,0.343331,0.330545,0.441786,0.645348,0.399087,0.362153,0.357200,0.411520,0.260917,0.248672,0.609416,0.369028,0.384182,0.374262,0.495107,0.375429,0.524896,0.536884,0.342624,0.397025,0.320637,0.467840,0.520499,0.297389,0.276962,0.575748,0.525768,0.465472,0.495583,0.492596,0.377182,0.384942,0.861850,0.411329,0.543617,0.520580,0.484074,0.381650,0.263283,0.325086,0.528469,0.454768,0.551791,0.462360,0.293467,0.511842,0.549754,0.404132,0.321394,0.563653,0.280529,0.392574,0.315582,0.363279,0.434998,0.388368,0.414218,0.571751,0.584402,0.439330,0.349893,0.392225,0.375386,0.344272,0.562150,0.482023,0.349586,0.332098,0.353511,0.352387,0.367219,0.673161,0.469020,0.328848,0.420040,0.332048,0.309768,0.430316,0.438119,0.472983,0.555347,0.685821,0.490534,0.800584,0.443927,0.448768,0.446793,0.495453,0.454433,0.656679,0.428999,0.506418,0.300437,0.478931,0.482636,0.595249,0.625744,0.356476,0.368226,0.413551,0.356902,0.535826,0.420538,0.255049,0.337611,0.349606,0.339880,0.394024,0.487723,0.572481,0.413491,0.461692,0.424992,0.601139,0.588448,0.492574,0.617083,0.639750,0.328003,0.475685,0.353749,0.733495,0.468501,0.344827,0.345913,0.699285,0.340447,0.339057,0.259704,0.370901,0.387633,0.360810,0.414195,0.420644,0.515089,0.467884,0.304193,0.338729,0.533934,0.354556,0.343803,0.475496,0.503497,0.425601,0.482291,0.437509,0.531613,0.363113,0.329519,0.308908,0.318113,0.298188,0.342599,0.437202,0.316849,0.464732,0.517557,0.413364,0.369533,0.651811,0.655307,0.473016,0.274880,0.385601,0.554439,0.391695,0.328080,0.312825,0.290921,0.475558,0.435897,0.363003,0.378593,0.597116,0.377127,0.589683,0.409084,0.406703,0.340494,0.484565,0.334385,0.359869,0.456197,0.356914,0.344466,0.353918,0.561735,0.458460,0.727896,0.472639,0.425101,0.413872,0.349492,0.342844,0.494554,0.383377,0.454406,0.596825,0.446733,0.422805,0.317916,0.704845,0.620363,0.549839,0.435244,0.353442,0.426229,0.373249,0.357858,0.359008,0.412265,0.367920,0.414848,0.400570,0.281916,0.752377,0.483703,0.378377,0.410729,0.413098,0.620218,0.804868,0.459717,0.495302,0.370070,0.516695,0.566273,0.375901,0.448752,0.409073,0.514010,0.450954,0.447412,0.354059,0.287470,0.311379,0.404687,0.363848,0.442284,0.336014,0.413056,0.363144,0.378279,0.399584,0.522779,0.600728,0.532969,0.636849,0.437812,0.620446,0.465490,0.376432,0.470407,0.376385,0.427055,0.468861,0.369236,0.367317,0.461917,0.341570,0.493788,0.406807,0.342126,0.436196,0.487759,0.561093,0.407414,0.617971,0.430515,0.437403,0.675390,0.453961,0.862195,0.370888,0.462374,0.353406,0.353336,0.328704,0.343399,0.835038,0.440874,0.335564,0.413427,0.455659,0.374253,0.353849,0.323148,0.401256,0.503280,0.512344,0.629826,0.518410,0.390378,0.391816,0.392816,0.351349,0.380010,0.438647,0.322809,0.347463,0.390003,0.397974,0.548614,0.451890,0.389108,0.369021,0.527655,0.373621,0.692771,0.396665,0.557403,0.351637,0.415378,0.406663,0.529279,0.490764,0.476136,0.456232,0.265122,0.369854,0.336733,0.391202,0.429425,0.404196,0.753918,0.441864,0.289191,0.350889,0.414264,0.414650,0.404174,0.364722,0.418499,0.519127,0.445963,0.295722,0.375144,0.431800,0.474564,0.356962,0.431409,0.558150,0.446162,0.537915,0.404766,0.367163,0.332036,0.405709,0.458171,0.351828,0.334410,0.376795,0.434520,0.351000,0.320650,0.335593,0.499108,0.438270,0.373983,0.484054,0.447077,0.682670,0.503797,0.812292,0.437925,0.355656,0.456704,0.345949,0.329411,0.396773,0.689421,0.332259,0.377417,0.407123,0.448969,0.423522,0.444284,0.334866,0.424256,0.371474,0.329476,0.313449,0.461918,0.425619,0.394307,0.381190,0.278818,0.418050,0.546430,0.714698,0.354715,0.397358,0.417630,0.520321,0.392416,0.359995,0.358376,0.354039,0.360314,0.331458,0.315847,0.396151,0.396337,0.457037,0.594881,0.550253,0.418435,0.432170,0.380046,0.365845,0.552777,0.280255,0.339422,0.501871,0.339533,0.345693,0.500988,0.485654,0.445776,0.522027,0.455968,0.538461,0.526989,0.573226,0.521644,0.473072,0.426580,0.375126,0.310475,0.427662,0.439108,0.385378,0.362630,0.328223,0.378782,0.345431,0.477620,0.572430,0.409304,0.417078,0.436846,0.519734,0.347139,0.432389,0.460196,0.340047,0.411689,0.426435,0.794286,0.365031,0.406660,0.477410,0.345851,0.439630,0.376431,0.363142,0.499574,0.527816,0.624782,0.433179,0.430953,0.367461,0.431365,0.462295,0.293545,0.314580
1,0.604111
2,1.374845,1.613994,1.543578,1.396919,1.354947,1.503938,1.201384,1.235560,1.324154,1.283427,1.472968,1.513684,1.455283,1.437994,1.246937,1.312085,1.463544,1.513045,1.550803,1.578193,1.389549,1.667722,1.402242,1.376174,1.480042,1.494571,1.456084,1.551048,1.459869,1.221364,1.350801,1.441190,1.524731,1.242838,1.338500,1.323429,1.452595,1.447972,1.533972,1.538613,1.346914,1.482779,1.532665,1.408138,1.479494,1.347981,1.414792,1.582989,1.561367,1.357693,1.288539,1.474957,1.318008,1.502569,1.725582,1.511605,1.604819,1.646239,1.315943,1.416804,1.405807,1.309624,1.539188,1.619221,1.575354,1.548361,1.404723,1.333395,1.430757,1.462404,1.528582,1.404211,1.641734,1.539789,1.539807,1.454192,1.431681,1.361604,1.355120,1.617068,1.551880,1.470837,1.484177,1.429686,1.719602,1.560377,1.484087,1.528184,1.408430,1.497604,1.290130,1.433477,1.531305,1.567563,1.759347,1.513222,1.386809,1.339295,1.411910,1.380248,1.509415,1.751941,1.680103,1.399611,1.447325,1.469476,1.459523,1.403157,1.454361,1.556396,1.502364,1.544661,1.476908,1.294693,1.261460,1.301420,1.454285,1.605453,1.519162,1.392214,1.544811,1.518857,1.443300,1.374778,1.523255,1.489458,1.537475,1.515554,1.361962,1.370397,1.479583,1.522542,1.484644,1.450125,1.605977,1.294262,1.387932,1.453548,1.391930,1.908593,1.854031,1.674891,1.276806,1.476845,1.556912,1.493543,1.329145,1.596711,1.403335,1.431297,1.214141,1.308067,1.371938,1.766176,1.522673,1.563920,1.767119,1.344938,1.536182,1.583431,1.359234,1.602249,1.589680,1.536063,1.465753,1.376467,1.458070,1.510472,1.488729,1.451241,1.532356,1.714941,1.646044,1.657734,1.460028,1.594873,1.869398,1.551627,1.494931,1.487725,1.620434,1.619100,1.383239,1.373786,1.414111,1.446850,1.542648,1.597977,1.521632,1.529246,1.593830,1.787991,1.698509,1.601235,1.480710,1.326671,1.455565,1.531577,1.361101,1.533345,1.653173,1.720589,1.615530,1.319125,1.443502,1.425337,1.425725,1.695527,1.788772,1.706080,1.519353,1.291277,1.393012,1.472291,1.533106,1.598626,1.493355,1.623527,1.454056,1.298553,1.286146,1.303180,1.520585,1.745738,1.508789,1.548025,1.425947,1.483065,1.431613,1.555602,1.537003,1.522930,1.320309,1.271581,1.289784,1.486466,1.779489,1.604992,1.505255,1.502001,1.704455,1.538607,1.543740,1.476741,1.579723,1.664689,1.570302,1.543926,1.394676,1.275682,1.465473,1.641282,1.466761,1.520269,1.518954,1.488145,1.518919,1.602140,1.705497,1.386670,1.458038,1.593434,1.452491,1.418172,1.363492,1.416052,1.460208,1.396279,1.367528,1.314032,1.399263,1.448535,1.518092,1.545143,1.431694,1.766567,1.783780,1.530019,1.415445,1.546955,1.362789,1.554160,1.591334,1.627374,1.486571,1.385780,1.540795,1.445027,1.414534,1.341373,1.532837,1.793489,1.541679,1.518391,1.528172,1.361861,1.594048,1.474018,1.557861,1.410551,1.330362,1.448300,1.537549,1.565460,1.428433,1.401157,1.350955,1.359631,1.534780,1.627377,1.458073,1.579784,1.406026,1.508186,1.706917,1.371399,1.440823,1.401391,1.353842,1.536217,1.636327,1.707114,1.418365,1.421981,1.582308,1.526875,1.414892,1.339048,1.553142,1.636830,1.495407,1.340697,1.324740,1.278181,1.428462,1.764038,1.678911,1.491055,1.472710,1.403615,1.352470,1.534270,1.407585,1.338592,1.345744,1.429338,1.409718,1.458036,1.416003,1.462835,1.528575,1.353783,1.402288,1.400010,1.264959,1.309257,1.558076,1.775042,1.726290,1.485899,1.381766,1.266358,1.306838,1.265182,1.264152,1.328653,1.377754,1.464221,1.446708,1.354636,1.457884,1.312576,1.452784,1.779925,1.610974,1.484327,1.215600,1.188847,1.270468,1.335392,1.469228,1.325391,1.234424,1.335682,1.368657,1.434267,1.461103,1.373809,1.484815,1.439473,1.465159,1.361746,1.448880,1.430448,1.765585,1.548497,1.280361,1.309250,1.368358,1.322868,1.326010,1.426474,1.299084,1.315244,1.379978,1.355105,1.289678,1.513933,1.296041,1.556486,1.300417,1.471874,1.505474,1.559353,1.417734,1.259253,1.247726,1.231100,1.315014,1.508766,1.468440,1.397665,1.434689,1.418764,1.322134,1.492469,1.760109,1.610367,1.423252,1.462515,1.457741,1.471958,1.562405,1.328501,1.332318,1.465621,1.330409,1.165352,1.266807,1.340758,1.608907,1.617942,1.539705,1.604917,1.269913,1.253096,1.515033,1.532194,1.650674,1.604651,1.419333,1.155080,1.126131,1.286457,1.325386,1.552423,1.739502,1.496908,1.217708,1.307251,1.476128,1.379905,1.553699,1.747670,1.578869,1.482158,1.351575,1.382991,1.392880,1.448323,1.661332,1.379978,1.382302,1.336001,1.364424,1.401397,1.246773,1.510114,1.485653,1.391470,1.313935,1.413402,1.421719,1.582289,1.446092,1.400981,1.423128,1.647928,1.338544,1.305954,1.366469,1.531609,1.473036,1.343666,1.596289,1.620003,1.447514,1.336901,1.477333,1.588550,1.438038,1.469575,1.512449,1.545235,1.361511,1.404246,1.347781,1.404967,1.585328,1.443375,1.409750,1.444016,1.398777,1.408568,1.397924,1.438865,1.513302,1.568514,1.483964,1.371020,1.376037,1.539900,1.315075,1.553048,1.824679,1.594382,1.393720,1.319657,1.329769,1.463146,1.437902,1.357016,1.448677,1.527056,1.402610,1.407805,1.698920,1.658144,1.523580,1.564593,1.422346,1.503160,1.407086,1.258121,1.202060,1.622901,1.818952,1.354457,1.349357,1.587931,1.279676,1.288730,1.395097,1.436736,1.478774,1.372021,1.402767,1.468974,1.570400,1.683970,1.462211,1.442983,1.587590,1.736348,1.451280,1.427047,1.475926,1.458288,1.466373,1.233651,1.157627,1.524306,1.539302,1.380628,1.568419,1.536718,1.592087,1.544693,1.443918,1.380274,1.446181,1.522179,1.491234,1.634590,1.686281,1.493753,1.418356,1.402571,1.447793,1.423828,1.445622,1.351737,1.302079,1.395002,1.705123,1.492459,1.474572,1.350304,1.298013,1.541826
2,1.542523,1.144408,0.980792,0.845651,0.998158,1.174512,0.648378,0.734506,0.976249,0.877025,0.959669,0.903827,0.854768,0.919609,0.765132,0.936681,1.152275,1.342792,1.362002,1.146228,0.977293,1.197300,0.947656,0.859068,1.174981,1.040167,1.021666,1.106451,0.769255,0.611470,0.972365,0.862773,1.158175,0.677419,0.893656,0.852046,1.118193,0.816412,1.011918,1.105657,0.648598,0.957825,1.188010,1.232348,1.277040,0.739833,0.743204,0.955793,0.824021,0.801587,0.722030,0.782478,0.741129,0.936711,1.316624,1.013929,1.048635,0.977011,0.804388,1.029690,1.048065,0.899255,1.144482,0.976487,0.782860,0.857316,0.644055,0.552960,0.830548,1.055275,0.883056,0.921081,1.326055,0.902217,0.830431,0.666913,0.787900,0.753120,0.791134,1.403146,0.917308,0.878273,1.152968,0.882109,1.177988,0.800599,0.839601,0.895311,0.778801,1.010464,0.769737,0.960428,1.147176,0.951346,1.205798,1.203817,1.062366,0.881976,1.197736,0.845485,0.846322,0.982758,0.770001,0.771756,0.963539,0.804690,1.011982,1.062015,0.789755,0.859145,0.582661,1.125904,0.733457,0.716255,0.795318,0.830166,0.757085,0.861741,0.874864,0.926812,1.247593,0.843410,0.757646,0.675798,0.730989,0.811768,0.932541,1.032871,0.716863,0.738503,0.988973,0.844208,0.896734,0.895972,1.059690,0.796305,0.743448,0.794175,0.687155,1.126587,1.213896,1.136778,0.577028,0.703209,0.779590,0.768443,0.536167,1.147515,0.966227,0.923221,0.685083,0.767501,0.760525,1.304426,0.790808,0.893196,1.244857,0.756632,0.893706,0.897918,0.938281,1.148916,0.875166,0.870437,0.823900,0.961080,1.051254,0.973958,1.069445,1.015720,0.974199,1.158979,0.824886,0.995372,0.734678,1.032990,1.688854,0.945919,0.974629,0.782357,1.099751,1.017463,0.570560,0.646233,0.783077,1.061670,1.481280,1.061237,0.692699,0.939339,0.865217,1.157853,1.011093,1.112599,0.787809,0.769789,0.906901,1.067820,0.786378,0.856291,0.955661,1.246332,1.156285,0.812224,0.952231,0.878945,0.819932,0.987026,0.857672,0.979265,1.056602,0.747018,0.926152,0.962903,0.816177,0.892185,0.771500,1.049056,0.852553,0.668632,0.662798,0.854204,1.111510,1.252640,0.752721,0.790794,0.774689,0.995404,0.839053,0.802552,0.840550,1.138879,0.771686,0.681478,0.719252,0.863265,1.290845,0.981765,0.853865,1.105613,1.020412,0.960243,0.845748,0.824982,1.080595,0.870407,0.862645,1.246504,0.948729,0.617460,1.033891,1.093131,0.739482,0.779557,0.859997,0.902236,1.063635,0.930058,1.246200,0.642413,0.841921,1.157273,0.931114,0.831800,0.712672,0.921284,0.651183,0.725283,0.914358,0.691797,0.634568,0.966942,0.934830,0.915714,0.875188,1.085768,1.149595,0.887610,0.992045,1.106390,0.680674,1.058572,1.035905,0.832385,0.835303,0.658660,1.030170,0.835725,0.830881,0.805572,0.917247,0.963713,0.883589,0.901226,1.232404,0.711902,1.073359,0.821339,1.133905,0.681909,0.760674,0.877098,0.972722,0.874878,0.914705,0.739385,0.734475,0.811742,0.918148,1.056070,0.993565,0.884625,0.771339,0.965167,1.397344,0.839647,0.935609,0.787520,0.676421,0.904094,0.869217,0.778298,0.706433,0.768708,1.014166,0.998724,0.788974,0.783917,0.845762,0.903840,0.735450,0.663840,0.794126,0.701281,1.002603,1.401534,0.939733,0.725683,0.755988,0.803569,1.120206,1.273790,0.792973,0.739885,0.861880,0.607199,0.844222,0.998718,0.900275,0.989238,0.896721,0.879738,0.742164,0.865859,0.699318,0.786455,0.992967,1.118694,1.063567,0.704094,0.610015,0.719779,0.808297,0.583152,0.688103,0.682976,0.678331,0.825772,0.889198,0.729148,1.107292,0.660113,0.750416,1.130760,0.969106,1.043068,0.750588,0.593680,0.728657,0.694534,0.958660,0.973757,0.710387,0.708550,0.739167,0.813342,0.709481,0.708311,1.098854,0.987118,0.940829,0.782226,0.834224,0.850064,1.078356,0.992712,0.668398,0.728928,0.767100,0.726043,0.832435,1.028055,0.567674,0.538399,0.692874,0.719273,0.700219,1.075236,0.712063,1.243264,0.647527,0.815830,0.977019,1.052603,0.983787,0.811957,0.711644,0.733613,0.851491,1.214615,0.776366,0.685902,0.832525,0.787174,0.747516,1.069464,1.243861,1.088675,0.681635,0.945398,0.921286,0.877395,0.935475,0.847198,0.715886,1.059659,0.807821,0.706779,0.840298,0.623219,0.729633,0.912955,1.047787,1.113069,0.785662,0.633894,1.038348,0.831856,1.135407,1.329403,1.084139,0.889108,0.694811,0.806672,0.652000,0.984200,1.057004,0.835254,0.568801,0.735401,1.124074,0.838751,0.844708,1.484371,0.810298,0.616364,0.640818,0.678398,0.676457,1.002499,1.383142,0.722085,0.577161,0.961050,0.864412,0.850702,0.659881,1.116395,0.819936,0.672654,0.758940,0.812143,0.807865,0.972235,0.757284,0.771317,0.918765,1.498994,0.793154,0.898734,0.801447,0.871967,0.686871,0.788312,1.297661,1.385371,0.842145,0.784299,0.987796,0.941835,0.641369,0.673235,0.796193,0.949847,0.655606,0.783889,0.845534,0.774299,0.969625,0.903114,0.847804,0.943577,0.762935,0.919209,0.815328,0.752567,1.064727,0.917954,0.643322,0.594509,0.562534,1.131449,0.699796,0.978552,1.259489,0.907524,0.955237,0.737838,0.728058,0.888819,0.722687,0.802665,0.839487,0.945633,0.857853,0.803996,1.127362,1.175079,0.819681,1.164626,0.685876,0.652563,0.694017,0.574335,0.718951,1.043441,1.240994,0.730668,0.763368,1.170642,0.868442,0.687378,0.718666,0.739122,0.938459,0.770862,0.766445,0.757630,1.033328,1.182399,0.810131,1.044596,1.468626,1.478594,0.920410,0.965016,0.724540,0.944664,0.809331,0.668714,0.793487,1.202786,1.224429,0.951969,0.872094,1.096014,1.067955,0.884841,1.172904,0.743343,0.954926,0.849128,0.946003,1.305885,1.268569,0.741332,1.002956,0.767068,0.660089,0.677847,0.948773,0.813572,0.742488,0.750336,1.258603,0.863562,0.790125,0.838159,0.812270,1.190131
2,1.466315
3,0.055314,0.060375,0.047886,0.046846,0.047536,0.040491,0.041227,0.045345,0.048844,0.053398,0.048515,0.052695,0.050328,0.063761,0.078818,0.090299,0.077250,0.059025,0.055871,0.054855,0.054135,0.055856,0.054423,0.054016,0.050913,0.051782,0.051761,0.052407,0.053911,0.054211,0.055581,0.056650,0.051163,0.052246,0.049241,0.082612,0.046974,0.062233,0.046574,0.046594,0.045686,0.046688,0.044749,0.043763,0.039695,0.045216,0.045178,0.047086,0.049420,0.049613,0.046407,0.045149,0.048443,0.048399,0.052362,0.049858,0.057181,0.054935,0.050014,0.049432,0.050880,0.049714,0.054921,0.067408,0.044326,0.059075,0.049612,0.053306,0.053598,0.051075,0.044173,0.046421,0.044531,0.039861,0.043113,0.038350,0.033606,0.033241,0.034102,0.036290,0.033531,0.035375,0.036855,0.041828,0.043440,0.041660,0.041816,0.041239,0.042979,0.042994,0.054786,0.066183,0.061700,0.046738,0.045825,0.046345,0.055060,0.051966,0.052925,0.045141,0.055661,0.053306,0.046112,0.044029,0.043090,0.042208,0.041584,0.041113,0.041394,0.042273,0.035286,0.032335,0.032642,0.032536,0.032826,0.034266,0.037387,0.035939,0.030582,0.028476,0.028998,0.028807,0.028985,0.027711,0.029424,0.030543,0.032734,0.035511,0.031820,0.028891,0.029609,0.024540,0.022953,0.025485,0.028740,0.031780,0.028217,0.029781,0.031303,0.028637,0.025887,0.023206,0.024994,0.026181,0.026203,0.023306,0.020873,0.023688,0.023044,0.026182,0.025522,0.024002,0.022744,0.023499,0.024626,0.023370,0.023474,0.023076,0.023772,0.023996,0.023107,0.021232,0.020703,0.020454,0.022137,0.023961,0.023492,0.022853,0.021662,0.020719,0.020477,0.021413,0.018967,0.020961,0.019684,0.023662,0.021736,4.044419,0.021205,0.020580,0.022547,0.021437,0.024736,0.021398,0.020812,0.021311,0.025786,0.024718,0.025039,0.021933,0.020260,0.021154,0.020173,0.021165,0.024663,0.022283,0.022495,0.019401,0.021411,0.023007,0.024939,0.026434,0.026191,0.024925,0.028145,0.024930,0.023764,0.021167,0.018249,0.020703,0.022919,0.023845,0.024737,0.026817,0.025558,0.024269,0.023158,0.022783,0.025936,0.028949,0.027409,0.026026,0.027162,0.028796,0.028641,0.026508,0.022969,0.026673,0.031074,0.024810,0.025326,0.021386,0.025582,0.024972,0.024229,0.022630,0.023173,0.023544,0.023617,0.023805,0.024290,0.024941,0.027426,0.026529,0.024046,0.022303,0.022682,0.022039,0.021716,0.022747,0.023096,0.024201,0.023231,0.021900,0.026148,0.029994,0.028005,0.023393,0.018929,0.019403,0.022367,0.021319,0.020359,0.019705,0.018048,0.018394,0.019318,0.018498,0.018715,0.019063,0.018760,0.018388,0.018465,0.018540,0.017503,0.015475,0.017238,0.019489,0.020002,0.021464,0.021168,0.021236,0.020039,0.019297,0.019448,0.017192,0.016778,0.017818,0.018339,0.017937,0.018888,0.017615,0.019352,0.020884,0.021044,0.018134,0.019241,0.018432,0.017846,0.017125,0.014830,0.014754,0.015718,0.016925,0.016986,0.018680,0.019213,0.017946,0.017177,0.017344,0.020542,0.023355,0.021572,0.021594,0.020046,0.018241,0.019879,0.020632,0.020272,0.018500,0.017126,0.017671,0.017403,0.016821,0.017056,0.016179,0.016318,0.017188,0.017430,0.018652,0.018470,0.017933,0.016720,0.016265,0.017984,0.018385,0.017558,0.017650,0.017315,0.017225,0.018833,0.018148,0.017542,0.017501,0.017402,0.018511,0.019519,0.019091,0.018864,0.018982,0.018282,0.017758,0.017607,0.019371,0.019056,0.018493,0.017507,0.016636,0.017274,0.017892,0.017388,0.018092,0.019252,0.019287,0.019436,0.020020,0.019596,0.018739,0.018929,0.020029,0.018467,0.017116,0.017975,0.020093,0.020101,0.019168,0.019972,0.020473,0.020819,0.020583,0.019635,0.018855,0.018965,0.018684,0.019354,0.020599,0.020517,0.020206,0.020227,0.019019,0.020319,0.020268,0.022937,0.024756,0.026352,0.024661,0.020352,0.019938,0.024034,0.022284,0.021544,0.018300,0.024463,0.029009,0.023143,0.020946,0.024921,0.026641,0.026792,0.026793,0.019859,0.024540,0.028642,0.022439,0.022081,0.023691,0.023311,0.023416,0.019220,0.020515,0.023374,0.020698,0.020461,0.021752,0.023404,0.021318,0.020134,0.020883,0.020962,0.019334,0.020383,0.020039,0.019197,0.019031,0.018988,0.020154,0.020735,0.020308,0.020415,0.018623,0.019156,0.020340,0.020766,0.019438,0.019008,0.018527,0.017428,0.017946,0.017258,0.017235,0.017599,0.018086,0.019249,0.019046,0.017893,0.018028,0.017931,0.019468,0.020092,0.019212,0.018738,0.019476,0.019607,0.019319,0.023986,0.019724,0.020592,0.019676,0.017943,0.019013,0.019353,0.020202,0.020515,0.018980,0.017617,0.017373,0.017627,0.017799,0.017891,0.018666,0.019454,0.018928,0.019676,0.019643,0.019508,0.019439,0.019954,0.021999,0.023978,0.023974,0.021902,0.021545,0.021248,0.021364,0.018462,0.018961,0.019747,0.021685,0.022632,0.022518,0.021644,0.020388,0.021491,0.021511,0.021265,0.021364,0.020636,0.020394,0.020247,0.020475,0.019667,0.019536,0.020849,0.022116,0.022181,0.024672,0.024107,0.019587,0.020278,0.020520,0.021161,0.021816,0.022424,0.022142,0.021637,0.021499,0.019457,0.019415,0.020202,0.020809,0.020619,0.020974,0.021054,0.022177,0.022743,0.023052,0.024859,0.024630,0.023401,0.022665,0.022195,0.021401,0.020230,0.020769,0.020475,0.022531,0.024526,0.023630,0.020469,0.020449,0.020418,0.020324,0.019486,0.020827,0.018574,0.020036,0.023976,0.026889,0.023430,0.022539,0.027383,0.024173,0.021640,0.018820,0.020441,0.021073,0.020646,0.021796,0.021432,0.020850,0.020135,0.019537,0.020182,0.019833,0.018759,0.018303,0.019133,0.019938,0.018816,0.017634,0.018291,0.018506,0.018120,0.018464,0.018997,0.019311,0.019982,0.019994,0.019931,0.022395,0.022735,0.022993,0.020424,0.019438,0.020932,0.019506,0.020461,0.020635,0.021324,0.022259
3,0.162722,0.078372,0.054191,0.048773,0.042981,0.033996,0.037194,0.040135,0.047054,0.052706,0.044533,0.051438,0.055032,0.090732,0.171048,0.207889,0.133143,0.077927,0.065539,0.058251,0.060637,0.065931,0.061178,0.056214,0.056413,0.056189,0.058605,0.058915,0.076829,0.087916,0.100750,0.108761,0.073227,0.062323,0.055705,0.240361,0.050468,0.137713,0.051845,0.053973,0.049031,0.053487,0.042326,0.040896,0.036364,0.050100,0.048660,0.054905,0.053911,0.049703,0.043868,0.042826,0.038893,0.042668,0.051140,0.048574,0.065325,0.066949,0.054646,0.050575,0.052156,0.051418,0.083758,0.195439,0.045197,0.127914,0.085019,0.071123,0.079662,0.075998,0.055225,0.053458,0.049961,0.056222,0.060907,0.040972,0.037054,0.034375,0.036129,0.040094,0.032911,0.032417,0.038317,0.045281,0.045816,0.044026,0.051826,0.052029,0.049104,0.049809,0.092556,0.136849,0.121827,0.069221,0.060510,0.060739,0.079506,0.065364,0.072319,0.057974,0.102926,0.107997,0.074641,0.062071,0.057670,0.049909,0.053713,0.052932,0.056810,0.055341,0.041629,0.035425,0.030378,0.029885,0.034272,0.039327,0.045481,0.042554,0.033846,0.026391,0.025212,0.034385,0.037872,0.033948,0.032112,0.032549,0.036840,0.039740,0.029731,0.028184,0.036199,0.020923,0.020334,0.024622,0.029591,0.036329,0.026424,0.038925,0.050035,0.040209,0.020951,0.022788,0.023311,0.026369,0.027243,0.022053,0.014837,0.020017,0.021172,0.025824,0.021017,0.015867,0.014532,0.018436,0.020110,0.017341,0.019745,0.018513,0.018253,0.018832,0.016309,0.014244,0.012549,0.011403,0.017743,0.020562,0.022503,0.020301,0.018584,0.019751,0.019099,0.019328,0.012602,0.014294,0.012868,0.020893,0.017186,26.375486,0.017835,0.019115,0.023627,0.017003,0.024496,0.021243,0.018358,0.018637,0.024843,0.025882,0.025561,0.017288,0.015691,0.017115,0.013570,0.016959,0.030933,0.027838,0.021969,0.015659,0.015252,0.018141,0.027730,0.027406,0.027252,0.025013,0.034117,0.022964,0.021448,0.016069,0.013077,0.017096,0.018950,0.019260,0.024305,0.027634,0.024179,0.021526,0.019344,0.020682,0.028863,0.038928,0.034051,0.035248,0.034579,0.033569,0.031641,0.028975,0.026327,0.044255,0.067591,0.028965,0.037541,0.020380,0.037559,0.023784,0.022438,0.021202,0.025806,0.027180,0.023770,0.025594,0.029555,0.034091,0.041534,0.043620,0.036443,0.035085,0.032725,0.030952,0.029691,0.030786,0.034379,0.030445,0.029771,0.030795,0.060192,0.077355,0.053264,0.030955,0.014161,0.014638,0.030162,0.030365,0.024754,0.022087,0.012789,0.013338,0.015030,0.014960,0.014731,0.016049,0.016167,0.016476,0.016039,0.012567,0.010775,0.009155,0.012962,0.017294,0.020776,0.021810,0.018331,0.018461,0.018702,0.016721,0.016445,0.011854,0.011354,0.012504,0.013198,0.011137,0.012414,0.010771,0.018578,0.026865,0.021577,0.010558,0.011842,0.010892,0.009527,0.010414,0.007929,0.007042,0.009161,0.010259,0.011437,0.015881,0.015845,0.014822,0.011536,0.018963,0.021751,0.029430,0.018342,0.016832,0.016637,0.015046,0.018184,0.020584,0.019360,0.016366,0.012932,0.012896,0.011460,0.009756,0.009339,0.008056,0.008674,0.010424,0.010649,0.010459,0.011134,0.010227,0.009272,0.008223,0.011234,0.013950,0.011852,0.011317,0.010399,0.009839,0.010221,0.010290,0.010506,0.010979,0.010495,0.010430,0.013706,0.012998,0.012683,0.012546,0.011076,0.011259,0.010368,0.013906,0.014409,0.015558,0.010505,0.009230,0.011807,0.011366,0.009640,0.010664,0.012834,0.013280,0.014248,0.013860,0.012015,0.014442,0.014730,0.017857,0.011726,0.009192,0.009538,0.013993,0.015765,0.014168,0.011692,0.012239,0.015030,0.015750,0.013030,0.011338,0.011254,0.011882,0.015966,0.015471,0.014827,0.016298,0.019063,0.014357,0.014792,0.014918,0.025875,0.031007,0.042941,0.041342,0.018138,0.016783,0.033576,0.028300,0.030824,0.013077,0.049751,0.075242,0.033685,0.022315,0.039502,0.045253,0.050870,0.055667,0.015062,0.043126,0.071329,0.032086,0.026526,0.032680,0.032052,0.038910,0.014465,0.021589,0.036601,0.017185,0.014021,0.020827,0.024822,0.017398,0.014880,0.014989,0.013402,0.011343,0.012986,0.010930,0.012287,0.011746,0.012691,0.014200,0.014982,0.013348,0.013631,0.010772,0.010841,0.013658,0.013807,0.012408,0.011460,0.011199,0.010227,0.009985,0.010285,0.010556,0.009695,0.008859,0.010121,0.009637,0.009354,0.009785,0.009522,0.009764,0.011508,0.010632,0.009497,0.011927,0.012667,0.014193,0.040052,0.013829,0.021307,0.016275,0.008772,0.009527,0.011565,0.014470,0.014645,0.013058,0.011378,0.010838,0.010563,0.010910,0.011001,0.011935,0.012659,0.011346,0.011447,0.010914,0.010110,0.011410,0.012134,0.019811,0.027892,0.027856,0.021962,0.020361,0.018419,0.018707,0.010015,0.011903,0.015906,0.027095,0.030242,0.027314,0.021056,0.012234,0.016744,0.019412,0.018269,0.018896,0.017041,0.014356,0.013887,0.013784,0.011703,0.011559,0.011967,0.012899,0.019507,0.037601,0.034572,0.013022,0.013207,0.013453,0.013345,0.015586,0.017831,0.015531,0.013153,0.012269,0.011760,0.012185,0.011077,0.012250,0.014459,0.015954,0.012721,0.016667,0.017238,0.018695,0.019626,0.019779,0.019763,0.017376,0.018734,0.016750,0.014239,0.012185,0.013042,0.024524,0.037789,0.032115,0.019832,0.016938,0.017482,0.018676,0.015026,0.020058,0.014009,0.019685,0.026293,0.034403,0.021412,0.019403,0.038513,0.024890,0.014896,0.011885,0.017243,0.015816,0.016236,0.018344,0.018026,0.015275,0.014433,0.012066,0.011752,0.012228,0.011101,0.012807,0.012858,0.014573,0.012480,0.010338,0.010470,0.010511,0.011060,0.012697,0.014926,0.014259,0.014890,0.013960,0.015144,0.019357,0.025575,0.027500,0.017846,0.014134,0.018204,0.013330,0.014713,0.015770,0.017768,0.024266
3,0.033424
4,0.043537,0.044924,0.044378,0.045762,0.039477,0.038582,0.037365,0.038457,0.048641,0.040633,0.046291,0.051131,0.048124,0.043243,0.040781,0.040595,0.040531,0.038848,0.042865,0.035118,0.036156,0.035365,0.035423,0.036793,0.033769,0.034262,0.035997,0.034051,0.037193,0.035060,0.036757,0.038725,0.034645,0.035073,0.037843,0.038571,0.040928,0.043273,0.042124,0.043449,0.039563,0.041747,0.043974,0.036357,0.045437,0.048911,0.046620,0.043807,0.039964,0.039030,0.038308,0.041439,0.040744,0.051232,0.056355,0.042033,0.035978,0.045878,0.046354,0.043507,0.041841,0.040867,0.044205,0.042740,0.039230,0.036269,0.034080,0.034350,0.032711,0.035830,0.040161,0.036744,0.033936,0.034484,0.035371,0.034478,0.038463,0.042339,0.043570,0.034652,0.032398,0.034808,0.036939,0.035755,0.037915,0.031779,0.032677,0.035372,0.035350,0.033831,0.034765,0.036466,0.037487,0.035558,0.036007,0.036105,0.031814,0.028043,0.026901,0.026090,0.027599,0.029185,0.032065,0.035457,0.035894,0.033121,0.029670,0.030171,0.032990,0.031070,0.030974,0.031545,0.034900,0.033471,0.032633,0.029724,0.029015,0.031026,0.031806,0.027725,0.027651,0.028674,0.029800,0.030567,0.033853,0.040352,0.040991,0.031814,0.033718,0.032621,0.029041,0.027859,0.028617,0.027918,0.029296,0.029309,0.028193,0.031982,0.032483,0.030338,0.032638,0.035188,0.034502,0.035516,0.035958,0.033780,0.037030,0.037320,0.036094,0.032437,0.036369,0.034237,0.036157,0.040365,0.037985,0.036319,0.036291,0.037585,0.041175,0.036693,0.032663,0.031631,0.033295,0.034704,0.030779,0.032706,0.035542,0.034757,0.030752,0.029061,0.031932,0.033966,0.034521,0.031863,0.029191,0.028675,0.036296,0.036837,0.035228,0.037254,0.038413,0.039487,0.037216,0.036089,0.033505,0.034928,0.036011,0.036599,0.035870,0.034250,0.036311,0.032829,0.028220,0.029547,0.028831,0.032563,0.032966,0.033891,0.035841,0.033999,0.033624,0.031012,0.029824,0.033983,0.032172,0.035080,0.035229,0.034829,0.040609,0.039380,0.034392,0.032635,0.029722,0.030447,0.028837,0.026199,0.025442,0.025682,0.028843,0.029550,0.030593,0.030485,0.030056,0.030814,0.028265,0.027951,0.029249,0.030896,0.034323,0.030292,0.028796,0.029754,0.029580,0.030522,0.029420,0.027882,0.025436,0.027656,0.027990,0.027296,0.026317,0.026714,0.027425,0.027366,0.028431,0.028947,0.027839,0.026823,0.028029,0.031146,0.033701,0.032843,0.033476,0.031937,0.031590,0.033716,0.037765,0.036775,0.030818,0.029993,0.028501,0.028441,0.028024,0.031125,0.031378,0.032632,0.030574,0.029150,0.030158,0.029990,0.029239,0.029869,0.030034,0.032270,0.032337,0.032979,0.037154,0.037091,0.033155,0.032129,0.029333,0.027184,0.025689,0.027708,0.030830,0.031742,0.032421,0.034329,0.031943,0.029390,0.030610,0.027103,0.024860,0.028607,0.029676,0.031407,0.032180,0.031447,0.029680,0.031292,0.034443,0.033120,0.031717,0.032418,0.033989,0.036996,0.039708,0.040805,0.038560,0.039741,0.041697,0.041134,0.042273,0.041126,0.036018,0.034874,0.036371,0.048966,0.047403,0.034981,0.035194,0.039486,0.038010,0.032809,0.036786,0.037116,0.033097,0.029246,0.032081,0.034378,0.034773,0.033219,0.031266,0.029942,0.029754,0.029162,0.034085,0.039092,0.034039,0.028752,0.032073,0.036499,0.032427,0.034111,0.039934,0.034321,0.030826,0.034671,0.032827,0.032492,0.033284,0.031834,0.028898,0.031134,0.030897,0.029155,0.030300,0.033340,0.034106,0.032099,0.029125,0.025304,0.027091,0.026086,0.026894,0.028863,0.028408,0.028929,0.026847,0.026621,0.026765,0.027494,0.028740,0.027812,0.026624,0.027704,0.028412,0.028229,0.031888,0.032471,0.034031,0.031413,0.031954,0.032147,0.033714,0.030931,0.027785,0.025950,0.026812,0.026807,0.027017,0.026623,0.026965,0.026947,0.025622,0.029092,0.189735,0.030045,0.029732,0.027133,0.024671,0.026951,0.029118,0.029980,0.030764,0.032236,0.035321,0.036565,0.035735,0.034590,0.036325,0.032645,0.030231,0.030411,0.030437,0.030820,0.031150,0.030577,0.031254,0.032014,0.032251,0.033416,0.034380,0.032913,0.027799,0.026549,0.025707,0.025493,0.023740,0.026936,0.024254,0.024111,0.025064,0.026533,0.027704,0.027559,0.028334,0.029608,0.030803,0.034282,0.032993,0.031783,0.034227,0.036489,0.036115,0.035415,0.036132,0.036910,0.036586,0.034802,0.029805,0.030487,0.030495,0.028523,0.024638,0.027678,0.032208,0.030689,0.030922,0.036612,0.039848,0.038404,0.035692,0.034976,0.031904,0.035850,0.033581,0.032463,0.033795,0.033273,0.031701,0.030877,0.034389,0.038063,0.035744,0.033895,0.032823,0.030960,0.034449,0.042577,0.041672,0.037894,0.034920,0.033156,0.032918,0.030712,0.032727,0.032306,0.032291,0.031267,0.031152,0.027020,0.026255,0.028134,0.027726,0.028326,0.025878,0.028276,0.030822,0.033085,0.032362,0.029341,0.026933,0.027583,0.028350,0.030122,0.030375,0.031629,0.035689,0.036138,0.033011,0.031105,0.035934,0.036328,0.036518,0.040363,0.040516,0.042664,0.042815,0.038018,0.035746,0.032205,0.033340,0.035788,0.043959,0.045410,0.048475,0.050238,0.045319,0.035969,0.034935,0.032749,0.035516,0.040441,0.040912,0.036691,0.031415,0.028718,0.029143,0.030841,0.031507,0.033749,0.033504,0.035565,0.038033,0.037636,0.037839,0.251658,0.033926,0.035212,0.034144,0.032419,0.029809,0.031309,0.034286,0.035838,0.032834,0.030551,0.030992,0.029677,0.033126,0.033516,0.032791,0.029348,0.029293,0.032802,0.033767,0.030882,0.030303,0.027974,0.030397,0.033474,0.034477,0.031693,0.030305,0.028627,0.027843,0.027737,0.026471,0.027829,0.026963,0.028928,0.028385,0.029370,0.028165,0.029046,0.029458,0.027532,0.027338,0.025700,0.027772,0.027164,0.026570,0.025907,0.026084,0.028122,0.030377,0.028990,0.029575,0.030746
4,0.181165,0.043488,0.040906,0.050484,0.031987,0.026909,0.029551,0.033828,0.090172,0.039214,0.057596,0.069524,0.061089,0.053733,0.045889,0.043700,0.041673,0.038905,0.051997,0.051706,0.048042,0.040555,0.037444,0.050170,0.047929,0.045527,0.045124,0.045149,0.046657,0.042800,0.050001,0.046645,0.038464,0.035310,0.038099,0.037513,0.045459,0.063046,0.051941,0.057711,0.044026,0.058957,0.059526,0.027753,0.068387,0.072754,0.048610,0.042530,0.042293,0.039422,0.042124,0.050817,0.049561,0.081013,0.098181,0.047447,0.034924,0.063623,0.062821,0.058732,0.049425,0.046896,0.048923,0.043569,0.045232,0.041358,0.037960,0.030269,0.029652,0.036783,0.039268,0.031906,0.031095,0.032211,0.033042,0.033375,0.039007,0.054401,0.047307,0.032816,0.032203,0.037661,0.033162,0.029199,0.035082,0.024707,0.027985,0.030492,0.031247,0.026724,0.028812,0.031224,0.030050,0.030534,0.030724,0.032848,0.027486,0.026498,0.021690,0.017777,0.020065,0.022328,0.025963,0.034735,0.036689,0.035542,0.027775,0.030486,0.030925,0.022446,0.019798,0.021003,0.024867,0.024563,0.023903,0.021892,0.021523,0.023178,0.027474,0.024073,0.026726,0.027530,0.031032,0.032919,0.033330,0.057921,0.058562,0.030507,0.036672,0.034592,0.023569,0.022152,0.022114,0.022596,0.024079,0.023937,0.023401,0.026751,0.028329,0.027730,0.030559,0.034742,0.032027,0.036256,0.034213,0.033457,0.042098,0.045053,0.040097,0.035714,0.043647,0.038927,0.043310,0.055422,0.045855,0.040355,0.045104,0.065701,0.084227,0.066370,0.037374,0.035250,0.041079,0.043147,0.036802,0.045024,0.046945,0.049685,0.031244,0.035699,0.037920,0.044379,0.052090,0.040979,0.029954,0.033930,0.042779,0.043136,0.036194,0.047070,0.055045,0.042100,0.035941,0.040600,0.035172,0.036358,0.043272,0.044690,0.041803,0.038080,0.038133,0.033472,0.029700,0.035038,0.029158,0.032304,0.030538,0.031890,0.033455,0.032647,0.034151,0.030893,0.024930,0.038293,0.027459,0.035387,0.029337,0.023943,0.038821,0.039052,0.032862,0.028703,0.021836,0.024419,0.026717,0.023097,0.020054,0.022868,0.026023,0.024249,0.023460,0.026487,0.026109,0.027963,0.024547,0.026117,0.032047,0.034705,0.040917,0.032287,0.025839,0.025488,0.022720,0.021809,0.020428,0.018710,0.017145,0.023348,0.018801,0.016123,0.015580,0.014215,0.016356,0.019226,0.018630,0.021431,0.021685,0.019512,0.024985,0.031971,0.042282,0.043181,0.043187,0.028364,0.029625,0.043316,0.056075,0.053536,0.032141,0.030229,0.026525,0.024673,0.023408,0.027553,0.029444,0.032759,0.027036,0.019899,0.020759,0.026087,0.030524,0.029495,0.028883,0.030846,0.031195,0.030271,0.043285,0.045735,0.035547,0.036087,0.034828,0.020343,0.017174,0.024215,0.041603,0.032555,0.032010,0.035462,0.025760,0.026656,0.030855,0.023038,0.014933,0.028300,0.031284,0.025121,0.025239,0.020855,0.021852,0.029522,0.033374,0.028575,0.025139,0.040936,0.044534,0.056793,0.054254,0.051332,0.043857,0.056933,0.058608,0.060518,0.060848,0.049377,0.036405,0.035803,0.039709,0.085642,0.101600,0.043150,0.047857,0.063336,0.048312,0.031313,0.041761,0.042000,0.029767,0.021854,0.027701,0.032448,0.033534,0.029008,0.021739,0.021932,0.024077,0.024421,0.023284,0.033283,0.031422,0.021208,0.039197,0.056242,0.035291,0.043103,0.073488,0.035764,0.027216,0.039535,0.037369,0.034593,0.041422,0.037718,0.024893,0.028503,0.031343,0.026285,0.026076,0.029304,0.031435,0.031597,0.022942,0.018430,0.020174,0.016704,0.017103,0.020990,0.020730,0.024260,0.018350,0.019754,0.020989,0.020468,0.022493,0.022567,0.019153,0.017433,0.021250,0.027968,0.036742,0.035431,0.037751,0.032240,0.027840,0.023397,0.023336,0.022980,0.020475,0.017161,0.015438,0.017279,0.017563,0.019917,0.021321,0.021814,0.016214,0.028819,1.039144,0.027697,0.021055,0.017170,0.013056,0.016299,0.019635,0.020829,0.022879,0.023630,0.035583,0.036199,0.036700,0.035500,0.042268,0.031181,0.028005,0.031883,0.030257,0.029781,0.029766,0.029215,0.032492,0.035089,0.033776,0.035770,0.033261,0.026495,0.016699,0.016861,0.017009,0.016372,0.016280,0.021238,0.019648,0.016941,0.014106,0.015174,0.015751,0.017801,0.023630,0.027676,0.029187,0.031811,0.027222,0.029893,0.037809,0.041214,0.035945,0.035568,0.037088,0.037362,0.033647,0.024402,0.020323,0.026691,0.032214,0.024785,0.014784,0.016076,0.022257,0.019326,0.023223,0.037776,0.045368,0.043726,0.034363,0.036828,0.029254,0.033304,0.028200,0.026444,0.029710,0.027208,0.024223,0.026363,0.035466,0.037716,0.039056,0.036052,0.028770,0.023285,0.026361,0.054850,0.039775,0.032437,0.027116,0.026371,0.025408,0.027659,0.031295,0.031734,0.028259,0.024579,0.021329,0.016965,0.014737,0.015616,0.016495,0.019069,0.015704,0.017795,0.022126,0.025153,0.025866,0.023258,0.018282,0.017663,0.017426,0.019027,0.021361,0.025938,0.034707,0.036847,0.029619,0.025920,0.029321,0.033191,0.037666,0.047541,0.053105,0.060502,0.055047,0.041254,0.032940,0.025037,0.025166,0.028992,0.072746,0.072840,0.069904,0.074739,0.063144,0.037590,0.039734,0.034739,0.036202,0.045097,0.046772,0.037354,0.027951,0.025876,0.026746,0.025750,0.029067,0.035047,0.028737,0.030376,0.031869,0.032006,0.032764,1.410602,0.024448,0.034839,0.030468,0.027978,0.021617,0.022619,0.026952,0.029836,0.030971,0.021196,0.021348,0.021862,0.025113,0.026287,0.022848,0.015197,0.016410,0.023203,0.026650,0.020779,0.017896,0.017889,0.022144,0.027481,0.026282,0.021786,0.021346,0.015731,0.014217,0.017965,0.016754,0.021593,0.022778,0.020314,0.016837,0.021167,0.021907,0.023525,0.023744,0.018089,0.016300,0.013964,0.015730,0.018458,0.022903,0.021014,0.020444,0.023485,0.025311,0.021551,0.018155,0.020076
4,0.033917
5,0.549129,0.515896,0.501952,0.485397,0.482613,0.533190,0.502098,0.424160,0.430429,0.514836,0.461648,0.483476,0.488608,0.496595,0.514709,0.534154,0.593482,0.544224,0.513817,0.509395,0.513267,0.473418,0.453036,0.500157,0.539716,0.518408,0.502100,0.515876,0.491529,0.496927,0.482147,0.474732,0.433968,0.397917,0.391904,0.429010,0.484307,0.486240,0.495786,0.509004,0.550605,0.487207,0.449727,0.476167,0.484529,0.478497,0.490306,0.527632,0.518475,0.494433,0.513190,0.492589,0.542190,0.528009,0.536113,0.528218,0.488851,0.485838,0.574132,0.508198,0.528969,0.495210,0.494592,0.506911,0.495510,0.493434,0.527324,0.497711,0.527969,0.522471,0.449149,0.440432,0.413642,0.456878,0.511443,0.545670,0.501532,0.455747,0.438307,0.457498,0.471092,0.469464,0.560294,0.491846,0.488257,0.536092,0.573038,0.551040,0.537563,0.508424,0.491652,0.479436,0.476763,0.533719,0.504983,0.471412,0.504006,0.580232,0.501579,0.512565,0.497679,0.480659,0.472042,0.458806,0.500294,0.509736,0.492472,0.486469,0.522602,0.516791,0.490423,0.481456,0.506900,0.576705,0.542829,0.439950,0.484607,0.551900,0.530285,0.510377,0.526010,0.549574,0.547289,0.526793,0.457017,0.432799,0.441501,0.489973,0.509119,0.464958,0.566226,0.611728,0.533500,0.518463,0.512789,0.495882,0.474704,0.482434,0.458782,0.448011,0.441564,0.455946,0.501457,0.480719,0.461937,0.486401,0.477550,0.505940,0.555722,0.566874,0.554772,0.487811,0.495992,0.495643,0.469279,0.485943,0.517175,0.495089,0.476637,0.501970,0.481076,0.508419,0.477668,0.480614,0.452228,0.484225,0.505254,0.498578,0.481044,0.490320,0.462902,0.528884,0.544668,0.484012,0.477759,0.464977,0.493295,0.517581,0.524448,0.512738,0.527526,0.520155,0.487784,0.520018,0.509125,0.544316,0.532640,0.570271,0.567655,0.562550,0.512714,0.525989,0.507400,0.535167,0.547831,0.529334,0.529592,0.527118,0.541704,0.549046,0.533139,0.529641,0.553231,0.540124,0.533753,0.573969,0.581481,0.544072,0.532785,0.586003,0.591568,0.549688,0.551998,0.496503,0.512172,0.568520,0.593118,0.590232,0.565903,0.513646,0.477683,0.462555,0.481663,0.521439,0.503444,0.539710,0.553149,0.502975,0.487338,0.495431,0.470011,0.468370,0.536708,0.563414,0.549062,0.473787,0.462292,0.481695,0.499440,0.511380,0.506879,0.463773,0.466360,0.448979,0.464427,0.545569,0.546265,0.541564,0.532410,0.532462,0.500871,0.506817,0.482595,0.487308,0.477996,0.478612,0.521538,0.517965,0.503033,0.512000,0.555307,0.648662,0.651733,0.529712,0.514035,0.552936,0.529377,0.553679,0.565543,0.476496,0.489278,0.531147,0.517423,0.516132,0.502742,0.499641,0.440717,0.440315,0.439265,0.458634,0.553832,0.538634,0.498293,0.533378,0.535666,0.549988,0.570216,0.528416,0.510411,0.517362,0.492053,0.494158,0.541457,0.505287,0.472989,0.474277,0.426519,0.413936,0.432674,0.439361,0.441096,0.491501,0.490151,0.489397,0.509591,0.486364,0.516356,0.546546,0.519122,0.497724,0.519966,0.491343,0.540339,0.555708,0.511133,0.545279,0.534783,0.504004,0.512944,0.539880,0.606317,0.531001,0.502370,0.485949,0.468286,0.486964,0.468871,0.480361,0.486526,0.454712,0.493642,0.460381,0.441022,0.463010,0.530711,0.565719,0.503766,0.543178,0.532314,0.477647,0.537260,0.523598,0.481159,0.533180,0.544483,0.511555,0.516782,0.521473,0.525994,0.523255,0.469999,0.459599,0.428445,0.425646,0.491655,0.476311,0.477566,0.466950,0.482809,0.508635,0.503284,0.510507,0.487089,0.496532,0.580298,0.554399,0.545461,0.566862,0.561326,0.503029,0.534272,0.532894,0.538373,0.531673,0.520880,0.511948,0.552290,0.503585,0.496061,0.535919,0.512637,0.558449,0.556906,0.544186,0.470677,0.464296,0.447292,0.492210,0.543746,0.548542,0.514383,0.469827,0.409683,0.390396,0.400965,0.401550,0.409185,0.426311,0.403715,0.442111,0.476072,0.436298,0.495820,0.452414,0.444664,0.403913,0.408429,0.436320,0.462593,0.486905,0.452949,0.473973,0.482928,0.520107,0.462679,0.459723,0.473161,0.503100,0.532152,0.563407,0.502974,0.483491,0.463204,0.444849,0.417310,0.472569,0.504905,0.503202,0.478312,0.459166,0.489938,0.527785,0.562204,0.487631,0.462249,0.471686,0.470003,0.458002,0.480168,0.533536,0.481101,0.511760,0.543407,0.558527,0.553435,0.493034,0.494214,0.459731,0.496390,0.495846,0.509280,0.493427,0.451235,0.440434,0.469476,0.496747,0.478031,0.465121,0.467773,0.495312,0.519178,0.466334,0.428865,0.440353,0.471310,0.476841,0.509442,0.454678,0.436662,0.428066,0.438161,0.441403,0.472273,0.443238,0.442037,0.440906,0.455702,0.459946,0.452803,0.437000,0.408110,0.412587,0.466837,0.470525,0.453988,0.466619,0.488537,0.514091,0.544659,0.495573,0.510843,0.474636,0.509217,0.518263,0.444338,0.465332,0.463216,0.450330,0.443479,0.499606,0.499248,0.486904,0.486690,0.515651,0.501811,0.527419,0.557098,0.537631,0.502985,0.555530,0.541018,0.538803,0.515117,0.500954,0.447782,0.493023,0.541590,0.521407,0.521479,0.517158,0.470972,0.464388,0.447990,0.436652,0.513693,0.500797,0.445213,0.454181,0.412278,0.368691,0.414905,0.365602,0.402823,0.419135,0.408842,0.462770,0.477379,0.437618,0.466857,0.500115,0.501813,0.474556,0.449356,0.421338,0.447503,0.458387,0.484338,0.502154,0.482011,0.439092,0.483210,0.528868,0.466680,0.473024,0.512898,0.448811,0.462579,0.430119,0.535110,0.524833,0.482771,0.469091,0.477305,0.470388,0.480778,0.534383,0.536258,0.548215,0.479723,0.453437,0.453270,0.510278,0.458770,0.448754,0.486040,0.478552,0.407902,0.431151,0.458921,0.455988,0.445595,0.450148,0.476105,0.444218,0.458562,0.463172,0.463626,0.516656,0.503158,0.490329,0.539230,0.600155,0.590693,0.474893,0.467805,0.458799,0.422314,0.430781,0.437690,0.466082
5,0.819137,0.328117,0.358661,0.340024,0.368682,0.430828,0.393257,0.295233,0.303889,0.453061,0.438963,0.482625,0.505756,0.349948,0.411819,0.415512,0.540940,0.404339,0.306926,0.329078,0.372029,0.338024,0.317403,0.409873,0.486470,0.386540,0.326246,0.312158,0.330233,0.332723,0.312570,0.269719,0.283094,0.233485,0.245622,0.300854,0.337144,0.301469,0.309719,0.296340,0.430261,0.350791,0.289620,0.325568,0.383888,0.291563,0.302247,0.376134,0.408921,0.359756,0.370350,0.345771,0.395197,0.375586,0.378684,0.283044,0.256617,0.276476,0.612663,0.241717,0.369787,0.356634,0.320597,0.341559,0.328777,0.291506,0.446604,0.371937,0.372290,0.386453,0.365321,0.357365,0.263726,0.328857,0.387322,0.553734,0.398484,0.338377,0.283406,0.285712,0.308418,0.333407,0.545240,0.375197,0.340399,0.375106,0.451529,0.418627,0.402020,0.290156,0.258010,0.270668,0.302496,0.418494,0.515842,0.319942,0.371950,0.555649,0.352622,0.313164,0.363140,0.299302,0.291500,0.285435,0.378880,0.383614,0.391490,0.356091,0.400047,0.415512,0.275029,0.281912,0.343563,0.545805,0.381231,0.260649,0.289682,0.434843,0.431144,0.434442,0.390298,0.438373,0.504026,0.447463,0.311168,0.251007,0.266446,0.499624,0.487718,0.284080,0.510042,0.582552,0.365058,0.312409,0.285069,0.270481,0.262441,0.312421,0.366124,0.377489,0.301810,0.361156,0.380782,0.319580,0.258560,0.277127,0.289574,0.343002,0.470741,0.398971,0.367364,0.342146,0.337197,0.393413,0.272676,0.276882,0.297983,0.349595,0.346601,0.376121,0.384907,0.380871,0.298476,0.284636,0.283137,0.303044,0.352757,0.396262,0.342578,0.367212,0.327899,0.435889,0.428717,0.304695,0.316725,0.253536,0.283943,0.354537,0.323443,0.276274,0.298129,0.268969,0.266912,0.307697,0.275793,0.310505,0.331993,0.398189,0.475515,0.445927,0.364159,0.381090,0.312452,0.425444,0.448638,0.389571,0.355186,0.366000,0.368716,0.377721,0.341340,0.316892,0.437138,0.445955,0.421738,0.464408,0.427171,0.354304,0.347446,0.438751,0.406482,0.339831,0.392774,0.320098,0.349417,0.406072,0.456254,0.392951,0.334029,0.280384,0.288667,0.270466,0.351833,0.398789,0.440986,0.422663,0.443728,0.315662,0.295965,0.362340,0.293982,0.285857,0.408126,0.485006,0.433160,0.328851,0.273048,0.351028,0.369917,0.430473,0.413754,0.325681,0.303980,0.248952,0.256465,0.476652,0.378384,0.391935,0.327949,0.293995,0.276879,0.312888,0.272999,0.387369,0.290434,0.288708,0.332236,0.326240,0.319914,0.299422,0.394300,0.481164,0.579796,0.348956,0.321592,0.342696,0.379310,0.334913,0.397354,0.336499,0.363116,0.443275,0.346588,0.390011,0.347934,0.360442,0.290869,0.299532,0.251258,0.247470,0.586093,0.439180,0.372494,0.471738,0.396355,0.349054,0.360009,0.358145,0.358211,0.365108,0.352131,0.295878,0.354108,0.231271,0.213855,0.258179,0.229556,0.238308,0.271359,0.264911,0.290434,0.377635,0.349006,0.280556,0.392139,0.336663,0.346563,0.370871,0.397019,0.348606,0.361159,0.263268,0.337373,0.456669,0.275591,0.349440,0.378072,0.338477,0.277445,0.384996,0.610031,0.430113,0.379672,0.275389,0.247933,0.458837,0.278122,0.287421,0.310388,0.249839,0.289447,0.247656,0.280968,0.358422,0.444641,0.479079,0.333048,0.432470,0.382794,0.285682,0.378321,0.362828,0.283914,0.447250,0.409428,0.363609,0.356827,0.315336,0.384720,0.423049,0.342880,0.294346,0.240125,0.236781,0.340357,0.292637,0.296732,0.260222,0.308607,0.363410,0.301220,0.350882,0.300816,0.314154,0.553090,0.381634,0.314690,0.381200,0.358359,0.238867,0.329267,0.353384,0.450643,0.332542,0.332388,0.378884,0.446952,0.363605,0.337515,0.416890,0.364572,0.455862,0.507136,0.427099,0.299165,0.290612,0.246898,0.271715,0.475150,0.522857,0.410532,0.349188,0.330558,0.271294,0.260277,0.252676,0.263126,0.245698,0.203461,0.355872,0.433334,0.277314,0.384066,0.292419,0.309609,0.257329,0.269799,0.298358,0.376483,0.417655,0.357208,0.338050,0.336516,0.403695,0.269089,0.333851,0.335841,0.421528,0.448949,0.533891,0.366011,0.315651,0.264512,0.247840,0.254877,0.339501,0.364236,0.395933,0.357519,0.273154,0.301379,0.338125,0.371346,0.293434,0.306470,0.315058,0.288574,0.312307,0.320357,0.598383,0.389817,0.384519,0.396364,0.393649,0.431823,0.340039,0.370017,0.310285,0.321777,0.349032,0.356676,0.325180,0.299687,0.320212,0.333320,0.361889,0.313373,0.281084,0.249479,0.281329,0.415386,0.345838,0.225060,0.255777,0.328148,0.364734,0.410625,0.342528,0.327175,0.283603,0.317386,0.289965,0.284958,0.274468,0.328797,0.383894,0.363753,0.336031,0.334963,0.284854,0.195715,0.222612,0.369120,0.337190,0.346969,0.335758,0.322981,0.363768,0.695376,0.464323,0.384263,0.254642,0.319033,0.435558,0.301676,0.324844,0.291643,0.265113,0.273739,0.429676,0.398984,0.327304,0.343779,0.344784,0.298054,0.466063,0.509324,0.354039,0.294608,0.383316,0.391002,0.393435,0.377214,0.327798,0.264531,0.372925,0.409976,0.340159,0.348980,0.389636,0.319172,0.424832,0.341039,0.281079,0.456828,0.447123,0.334710,0.354613,0.282751,0.226188,0.334352,0.208562,0.234152,0.256247,0.242535,0.370313,0.377814,0.305503,0.298582,0.327898,0.337721,0.291549,0.290264,0.233055,0.333912,0.295356,0.349436,0.361740,0.327558,0.277963,0.316076,0.446735,0.321149,0.367703,0.491054,0.355460,0.357345,0.271456,0.460888,0.378093,0.284971,0.276173,0.344501,0.306508,0.324083,0.460889,0.426228,0.451384,0.393576,0.324170,0.304209,0.386801,0.338697,0.308089,0.410957,0.422336,0.205558,0.308501,0.363908,0.409344,0.320751,0.355389,0.487353,0.348042,0.340811,0.301201,0.310347,0.323429,0.308352,0.320165,0.387972,0.428123,0.610051,0.336625,0.341455,0.278824,0.276687,0.308690,0.308509,0.355296
5,0.495716
6,0.568183,0.578209,0.613043,0.602490,0.584637,0.559037,0.545559,0.609081,0.576179,0.640859,0.623116,0.612996,0.604879,0.584136,0.511108,0.527091,0.563697,0.535158,0.537078,0.588462,0.533136,0.526155,0.598688,0.571491,0.636017,0.623387,0.658902,0.560355,0.545377,0.536089,0.516308,0.618944,0.565669,0.529332,0.549747,0.550192,0.570429,0.570434,0.510096,0.478728,0.497064,1.100113,0.510478,0.556308,0.573016,0.567939,0.503264,0.580709,0.660053,0.629551,0.569200,0.614758,0.640765,0.571325,0.597302,0.598091,0.610615,0.625687,0.641943,0.554103,0.568796,0.579149,0.591174,0.570115,0.510231,0.565581,0.622869,0.599385,0.634238,0.640823,0.529447,0.546089,0.546266,0.661272,0.598534,0.530237,0.565199,0.652556,0.627669,0.641189,0.566165,0.595683,0.602534,0.633622,0.630962,0.598577,0.612297,0.622757,0.581297,0.507694,0.519167,0.539614,0.523673,0.536427,0.548115,0.568034,0.583721,0.561613,0.532200,0.494205,0.541349,0.570505,0.627976,0.613015,0.563033,0.541788,0.547000,0.553768,0.559229,0.574018,0.657157,0.600684,0.523923,0.537338,0.551556,0.517095,0.592281,0.535418,0.543461,0.602015,0.608254,0.598204,0.589510,0.630722,0.597691,0.560971,0.587307,0.511476,0.515822,0.579638,0.647478,0.595725,0.535256,0.593335,0.573001,0.554252,0.656455,0.751891,0.681005,0.626197,0.597560,0.574937,0.558411,0.533353,0.532989,0.546762,0.560520,0.533438,0.601212,0.642155,0.589095,0.551455,0.569987,0.545751,0.533310,0.623845,0.658511,0.588244,0.588179,0.630350,0.583911,0.576737,0.596410,0.638044,0.608159,0.531762,0.567852,0.548344,0.528235,0.542559,0.546360,0.593354,0.646472,0.633431,0.588022,0.632542,0.635856,0.673019,0.638000,0.674467,0.673069,0.618382,0.649649,0.653753,0.651237,0.672871,0.582697,0.623873,0.713528,0.684143,0.679540,0.600587,0.583272,0.656095,0.551379,0.535207,0.571997,0.539763,0.535836,0.591833,0.580992,0.570213,0.541282,0.558610,0.586890,0.533821,0.561640,0.599590,0.629590,0.628111,0.643318,0.605579,0.635226,0.614680,0.616295,0.597069,0.609227,0.652589,0.550750,0.543472,0.586918,0.596239,0.571868,0.593422,0.618399,0.603629,0.683210,0.603462,0.577857,0.633637,0.679519,0.696565,0.721391,0.706193,0.673543,0.634131,0.679747,0.621515,0.560318,0.553547,0.534626,0.647679,0.720932,0.649082,0.640424,0.600295,0.604893,0.710416,0.651176,0.606799,0.555201,0.582963,0.627267,0.614492,0.520796,0.605270,0.578055,0.639460,0.620924,0.569046,0.575226,0.631614,0.617656,0.644365,0.633539,0.505282,0.528812,0.570858,0.601524,0.573355,0.606161,0.618777,0.585267,0.618010,0.629630,0.571102,0.669962,0.669956,0.631253,0.628954,0.586488,0.646016,0.714527,0.649854,0.597626,0.617487,0.601398,0.629463,0.638524,0.689728,0.672779,0.558873,0.540136,0.597263,0.694676,0.686613,0.635689,0.631208,0.632423,0.645829,0.642368,0.655130,0.658366,0.589271,0.671549,0.723322,0.650453,0.555586,0.546177,0.541699,0.594108,0.629787,0.601377,0.564101,0.536150,0.575426,0.585331,0.606073,0.614593,0.564177,0.551030,0.549107,0.582615,0.617076,0.614259,0.544210,0.612519,0.713423,0.662936,0.660674,0.614866,0.620677,0.695762,0.714615,0.697553,0.665752,0.585376,0.621744,0.658474,0.648758,0.610784,0.673077,0.623102,0.626765,0.677572,0.659991,0.660970,0.669177,0.630371,0.592876,0.646792,0.641252,0.652997,0.650076,0.637780,0.653119,0.637002,0.688412,0.623874,0.698575,0.790695,0.688198,0.627350,0.615044,0.707601,0.697133,0.638450,0.614686,0.602522,0.600512,0.642805,0.585749,0.605033,0.560476,0.554431,0.603332,0.558926,0.674126,0.742753,0.602884,0.584603,0.632260,0.662682,0.771559,0.701033,0.746720,0.767930,0.723246,0.713277,0.759602,0.680886,0.616713,0.691183,0.682394,0.673488,0.590857,0.646262,0.657096,0.635342,0.652290,0.705589,0.619121,0.661005,0.654577,0.654643,0.707143,0.773219,0.671890,0.596892,0.708719,0.706839,0.660052,0.675359,0.639899,0.678448,0.697129,0.685174,0.647138,0.672890,0.622283,0.560024,0.650503,0.659407,0.657614,0.601793,0.558899,0.582119,0.671127,0.635090,0.621799,0.691997,0.686694,0.646288,0.627833,0.602314,0.717874,0.722307,0.671766,0.630642,0.633973,0.665821,0.708648,0.693955,0.690677,0.609474,0.621666,0.651453,0.656464,0.620530,0.597702,0.675690,0.665610,0.670273,0.714807,0.690700,0.691811,0.715560,0.803234,0.701702,0.638300,0.720364,0.717177,0.715841,0.708788,0.671645,0.668218,0.634959,0.705105,0.665911,0.685782,0.696380,0.616328,0.603309,0.680435,0.640042,0.709487,0.697015,0.758937,0.650214,0.649660,0.653967,0.737832,0.747672,0.678538,0.624184,0.643034,0.648153,0.703450,0.638324,0.583027,0.657976,0.655199,0.609318,0.644451,0.692967,0.774320,0.687453,0.631498,0.663322,0.682654,0.687742,0.651851,0.667698,0.665269,0.759625,0.727862,0.746319,0.710782,0.737655,0.709107,0.687934,0.597857,0.707263,0.737848,0.737138,0.732418,0.763071,0.708589,0.653098,0.640724,0.650679,0.631681,0.652387,0.672872,0.750933,0.723080,0.694734,0.624988,0.652591,0.649700,0.686068,0.655588,0.693490,0.682394,0.694446,0.712187,0.638782,0.666835,0.765249,0.735442,0.684510,0.701057,0.682553,0.670426,0.703352,0.716344,0.762024,0.599366,0.605124,0.653996,0.709315,0.748810,0.677995,0.705089,0.730109,0.676975,0.612459,0.681436,0.723735,0.700002,0.709928,0.727944,0.687795,0.666634,0.621945,0.745734,0.745897,0.682490,0.690711,0.765194,0.827477,0.753642,0.632935,0.583586,0.678744,0.654387,0.618729,0.617604,0.735137,0.791337,0.704383,0.665338,0.669592,0.689007,0.690734,0.703015,0.651179,0.714960,0.670425,0.685909,0.712250,0.745841,0.697491,0.645880,0.657436,0.647030,0.711925,0.746976,0.604705,0.625478
6,0.879046,0.389930,0.479772,0.488180,0.397817,0.419775,0.315417,0.448474,0.376817,0.510825,0.467872,0.490823,0.464007,0.369611,0.344337,0.407804,0.443730,0.347797,0.356187,0.416953,0.348928,0.317145,0.571979,0.416274,0.512013,0.473728,0.546089,0.401772,0.371787,0.376355,0.383971,0.560947,0.492515,0.423781,0.472388,0.400460,0.406082,0.420170,0.385487,0.357382,0.349827,4.957757,0.304979,0.294475,0.388928,0.397120,0.318951,0.375986,0.564935,0.407237,0.288243,0.464666,0.517700,0.388064,0.358389,0.437723,0.519637,0.493477,0.691511,0.327465,0.367398,0.390003,0.409445,0.404837,0.318858,0.395703,0.468427,0.457887,0.467012,0.562879,0.364290,0.372030,0.540045,0.586118,0.485121,0.450191,0.450548,0.586891,0.516523,0.491277,0.396125,0.488604,0.545411,0.557156,0.598887,0.519659,0.472968,0.518270,0.482176,0.356681,0.358665,0.419036,0.404487,0.389010,0.431455,0.458817,0.465484,0.376725,0.339840,0.298115,0.381572,0.422751,0.528958,0.462125,0.474381,0.345085,0.372277,0.350827,0.335078,0.368377,0.548346,0.498784,0.289833,0.395452,0.495028,0.405350,0.476076,0.394944,0.364268,0.397171,0.367757,0.409797,0.396316,0.548301,0.575638,0.354950,0.386412,0.319443,0.364749,0.516301,0.555817,0.467519,0.361783,0.415572,0.392846,0.406620,0.580300,0.613994,0.526969,0.494860,0.439875,0.434964,0.353764,0.345330,0.416440,0.385792,0.449367,0.335323,0.461553,0.487654,0.474699,0.334630,0.403476,0.452534,0.370633,0.543332,0.494530,0.352884,0.434438,0.430397,0.360404,0.360832,0.350843,0.469295,0.562944,0.360748,0.420236,0.400490,0.354623,0.376426,0.368242,0.364744,0.378544,0.461301,0.337088,0.506638,0.384043,0.518410,0.405493,0.530024,0.546690,0.456013,0.460156,0.496518,0.397508,0.620373,0.394514,0.446653,0.591699,0.523768,0.518565,0.436826,0.368898,0.549666,0.336902,0.300316,0.319099,0.322129,0.317451,0.403735,0.412743,0.467916,0.382130,0.454998,0.459358,0.329987,0.392245,0.438933,0.543480,0.423168,0.483348,0.370153,0.447133,0.421290,0.422616,0.379170,0.350847,0.529721,0.383654,0.376492,0.454669,0.394999,0.329416,0.365721,0.473450,0.448378,0.595025,0.475863,0.437236,0.426246,0.474268,0.482284,0.533164,0.491472,0.476323,0.432715,0.565819,0.484580,0.361654,0.368808,0.441329,0.463733,0.483336,0.417042,0.364152,0.351730,0.347458,0.519737,0.489487,0.490911,0.423162,0.402619,0.413769,0.431281,0.369051,0.515585,0.444449,0.469052,0.484592,0.387443,0.378758,0.531199,0.433308,0.453800,0.503791,0.310843,0.331351,0.384874,0.426333,0.401552,0.458558,0.429058,0.390275,0.479585,0.566900,0.408477,0.534189,0.507804,0.395415,0.390145,0.323046,0.455536,0.572017,0.479676,0.360870,0.426616,0.382581,0.459984,0.471090,0.531061,0.578531,0.357168,0.382511,0.491470,0.578838,0.540909,0.409477,0.413732,0.447894,0.401674,0.495184,0.366637,0.440643,0.397299,0.607347,0.670578,0.477652,0.332123,0.344756,0.357731,0.418700,0.479804,0.467092,0.461648,0.354801,0.448629,0.463849,0.483745,0.452583,0.371811,0.351317,0.306579,0.443865,0.498566,0.530022,0.333045,0.526399,0.720229,0.480110,0.526073,0.424199,0.373638,0.558664,0.461982,0.557611,0.394459,0.344774,0.426522,0.450352,0.512411,0.502034,0.555474,0.391754,0.398904,0.596063,0.520251,0.508211,0.502505,0.424416,0.400752,0.430738,0.449709,0.421000,0.477929,0.395526,0.397628,0.354564,0.525600,0.382769,0.535346,0.637932,0.482049,0.366770,0.364289,0.542344,0.464799,0.399569,0.363525,0.303450,0.363347,0.517245,0.408825,0.423413,0.336153,0.308775,0.409281,0.401872,0.649073,0.749201,0.374002,0.338130,0.390689,0.505635,0.716551,0.575898,0.614586,0.569368,0.461093,0.481518,0.523128,0.503494,0.382340,0.537063,0.400668,0.446992,0.272000,0.397212,0.441335,0.430707,0.427172,0.628945,0.457455,0.425253,0.376539,0.400688,0.422021,0.570065,0.541837,0.374644,0.577866,0.490664,0.482588,0.499362,0.398496,0.409047,0.435342,0.437149,0.434825,0.522908,0.506377,0.304329,0.384770,0.362494,0.405310,0.413733,0.344280,0.363030,0.596618,0.487862,0.474819,0.529177,0.561516,0.512037,0.465212,0.366299,0.544257,0.559564,0.435535,0.447280,0.372503,0.414996,0.490726,0.398915,0.471424,0.342128,0.372892,0.373692,0.396764,0.409205,0.433594,0.547834,0.512111,0.427742,0.677416,0.533087,0.451495,0.423276,0.648254,0.531923,0.390291,0.500498,0.530914,0.454838,0.581354,0.405834,0.462033,0.433836,0.465498,0.348586,0.369437,0.543213,0.493405,0.334073,0.428608,0.331567,0.469668,0.431498,0.709096,0.358475,0.408452,0.414555,0.569311,0.534129,0.541411,0.405101,0.448686,0.409718,0.439190,0.447590,0.344107,0.385099,0.474310,0.352568,0.392402,0.487231,0.583565,0.461716,0.381883,0.390719,0.425991,0.490482,0.383201,0.573934,0.506149,0.582479,0.511561,0.613816,0.431363,0.467348,0.401129,0.555277,0.355431,0.500934,0.613726,0.510530,0.500324,0.555595,0.421885,0.332326,0.300694,0.456785,0.406364,0.490133,0.436596,0.492570,0.425794,0.458143,0.308475,0.504297,0.427278,0.449128,0.333073,0.476088,0.489835,0.417424,0.491336,0.401038,0.488472,0.628195,0.572621,0.550585,0.452818,0.428443,0.373917,0.476372,0.485022,0.601083,0.346660,0.367847,0.460933,0.391581,0.437523,0.392674,0.446180,0.584888,0.454274,0.401439,0.456612,0.514091,0.462558,0.490661,0.456306,0.443546,0.365975,0.309654,0.664523,0.527172,0.492132,0.659170,0.644260,0.677788,0.489599,0.393884,0.354735,0.411618,0.479110,0.392627,0.354650,0.638666,0.652533,0.388090,0.363459,0.452683,0.432466,0.418235,0.404186,0.346743,0.486410,0.380094,0.403681,0.425164,0.553122,0.475759,0.390705,0.388293,0.405732,0.464690,0.562392,0.292170,0.450306
6,0.631018
